<?xml version="1.0" encoding="UTF-8"?>
<!DOCTYPE suite SYSTEM "https://testng.org/testng-1.0.dtd">

<suite thread-count="1" name="Test SAMPLE" verbose="1"
	annotations="JDK">
	<parameter name="environment" value="prod" />

	<test name="ResellerPortal">
		<classes>
			<class name="webSuite.ResellerPortal" />

		</classes>
	</test>
	
	<test name="AdminPortal">
		<classes>
			<class name="webSuite.AdminPortal" />

		</classes>
	</test>

	<test name="Enrollment">
		<classes>
			<class name="mobileSuite.Enrollment" />

		</classes>
	</test>






</suite>

